[{"id":"user-image-341038808_1279639629302800_612917792683687104_n-removebg-preview1.png","fileName":"341038808_1279639629302800_612917792683687104_n-removebg-preview1.png","name":"341038808_1279639629302800_612917792683687104_n-removebg-preview1","publicUrl":"https://assets.nicepagecdn.com/a8fe6f4a/4631693/images/341038808_1279639629302800_612917792683687104_n-removebg-preview1.png","size":28877,"hash":"xYQU+1afEqmN7PY1pWi2AQOanMI=","width":366,"height":206,"thumbnail":{"url":"https://assets.nicepagecdn.com/a8fe6f4a/4631693/images/thumbnails/341038808_1279639629302800_612917792683687104_n-removebg-preview1.png","width":150,"height":84},"usages":["4631718"]},{"id":"user-image-3124296.png","fileName":"3124296.png","name":"3124296","publicUrl":"https://assets.nicepagecdn.com/a8fe6f4a/4631693/images/3124296.png","size":5454,"hash":"pbe9ZkqMRmhJuNnf2SjSgZc1tTg=","width":128,"height":128,"thumbnail":{"url":"https://assets.nicepagecdn.com/a8fe6f4a/4631693/images/3124296.png","width":128,"height":128},"usages":[]},{"id":"user-image-2664676.png","fileName":"2664676.png","name":"2664676","publicUrl":"https://assets.nicepagecdn.com/a8fe6f4a/4631693/images/2664676.png","size":4068,"hash":"eE/t8c1e1uLPlt2mysLRmIk//rY=","width":128,"height":128,"thumbnail":{"url":"https://assets.nicepagecdn.com/a8fe6f4a/4631693/images/2664676.png","width":128,"height":128},"usages":[]},{"id":"user-image-2007295.png","fileName":"2007295.png","name":"2007295","publicUrl":"https://assets.nicepagecdn.com/a8fe6f4a/4631693/images/2007295.png","size":4810,"hash":"dtxpvujxgZrZEG7kdRaL0r6H/Bk=","width":128,"height":128,"thumbnail":{"url":"https://assets.nicepagecdn.com/a8fe6f4a/4631693/images/2007295.png","width":128,"height":128},"usages":["4631718"]},{"id":"user-image-3066137.png","fileName":"3066137.png","name":"3066137","publicUrl":"https://assets.nicepagecdn.com/a8fe6f4a/4631693/images/3066137.png","size":3287,"hash":"KwkffT9kMVAX9Sbw1GDu6Y92kjY=","width":128,"height":128,"thumbnail":{"url":"https://assets.nicepagecdn.com/a8fe6f4a/4631693/images/3066137.png","width":128,"height":128},"usages":["4631718"]},{"id":"user-image-7152226.png","fileName":"7152226.png","name":"7152226","publicUrl":"https://assets.nicepagecdn.com/a8fe6f4a/4631693/images/7152226.png","size":5935,"hash":"Wd8PS+OiIMZ9IjdOhZFjme9EByo=","width":128,"height":128,"thumbnail":{"url":"https://assets.nicepagecdn.com/a8fe6f4a/4631693/images/7152226.png","width":128,"height":128},"usages":["4631718"]},{"id":"user-image-1356479.png","fileName":"1356479.png","name":"1356479","publicUrl":"https://assets.nicepagecdn.com/a8fe6f4a/4631693/images/1356479.png","size":5882,"hash":"XMFzbhUdnaMNtuB8aqHVUIhuq3A=","width":128,"height":128,"thumbnail":{"url":"https://assets.nicepagecdn.com/a8fe6f4a/4631693/images/1356479.png","width":128,"height":128},"usages":["4631718"]},{"id":"user-image-business-3d-man-checking-business-statistics-on-the-phone.png","fileName":"business-3d-man-checking-business-statistics-on-the-phone.png","name":"business-3d-man-checking-business-statistics-on-the-phone","publicUrl":"https://assets.nicepagecdn.com/a8fe6f4a/4631693/images/business-3d-man-checking-business-statistics-on-the-phone.png","size":79971,"hash":"ax0pQhuHvA6Pm7xy257M2Nk74O4=","width":256,"height":256,"thumbnail":{"url":"https://assets.nicepagecdn.com/a8fe6f4a/4631693/images/thumbnails/business-3d-man-checking-business-statistics-on-the-phone.png","width":150,"height":150},"usages":["4631718"]},{"id":"user-image-3d-business-space-rocket.png","fileName":"3d-business-space-rocket.png","name":"3d-business-space-rocket","publicUrl":"https://assets.nicepagecdn.com/a8fe6f4a/4631693/images/3d-business-space-rocket.png","size":87628,"hash":"FH6+qHOHLuQVgZovKhGUm09zem0=","width":256,"height":300,"thumbnail":{"url":"https://assets.nicepagecdn.com/a8fe6f4a/4631693/images/thumbnails/3d-business-space-rocket.png","width":128,"height":150},"usages":["4631718"]},{"id":"user-image-1356559.png","fileName":"1356559.png","name":"1356559","publicUrl":"https://assets.nicepagecdn.com/a8fe6f4a/4631693/images/1356559.png","size":3986,"hash":"1+37Edx+2MFDc+Ejl9sL/HFnAlU=","width":128,"height":128,"thumbnail":{"url":"https://assets.nicepagecdn.com/a8fe6f4a/4631693/images/1356559.png","width":128,"height":128},"usages":[]},{"id":"user-image-5654671.png","fileName":"5654671.png","name":"5654671","publicUrl":"https://assets.nicepagecdn.com/a8fe6f4a/4631693/images/5654671.png","size":4048,"hash":"Edfx47C7KWD4yrnUL080swGzvoY=","width":128,"height":128,"thumbnail":{"url":"https://assets.nicepagecdn.com/a8fe6f4a/4631693/images/5654671.png","width":128,"height":128},"usages":[]},{"id":"user-image-5654627.png","fileName":"5654627.png","name":"5654627","publicUrl":"https://assets.nicepagecdn.com/a8fe6f4a/4631693/images/5654627.png","size":4429,"hash":"1plKQKqEnn5STTVRsyErUPW8Gxc=","width":128,"height":128,"thumbnail":{"url":"https://assets.nicepagecdn.com/a8fe6f4a/4631693/images/5654627.png","width":128,"height":128},"usages":["4631718"]},{"id":"user-image-944015.png","fileName":"944015.png","name":"944015","publicUrl":"https://assets.nicepagecdn.com/a8fe6f4a/4631693/images/944015.png","size":4081,"hash":"FhAF3cFyadg3PYZglE4uwqzSMbE=","width":128,"height":128,"thumbnail":{"url":"https://assets.nicepagecdn.com/a8fe6f4a/4631693/images/944015.png","width":128,"height":128},"usages":["4631718"]},{"id":"user-image-2115194.png","fileName":"2115194.png","name":"2115194","publicUrl":"https://assets.nicepagecdn.com/a8fe6f4a/4631693/images/2115194.png","size":3372,"hash":"JeoSQrMigvA56v1Mgbs+z3THTAw=","width":128,"height":128,"thumbnail":{"url":"https://assets.nicepagecdn.com/a8fe6f4a/4631693/images/2115194.png","width":128,"height":128},"usages":["4631718"]},{"id":"user-image-3234841.png","fileName":"3234841.png","name":"3234841","publicUrl":"https://assets.nicepagecdn.com/a8fe6f4a/4631693/images/3234841.png","size":6066,"hash":"yJ5GjObK/eUAdpfn5tcE3RhQK+8=","width":128,"height":128,"thumbnail":{"url":"https://assets.nicepagecdn.com/a8fe6f4a/4631693/images/3234841.png","width":128,"height":128},"usages":["4631718"]},{"id":"user-image-922699.png","fileName":"922699.png","name":"922699","publicUrl":"https://assets.nicepagecdn.com/a8fe6f4a/4631693/images/922699.png","size":6659,"hash":"1259dW/Ya6224hNfq5/E2u69Rks=","width":128,"height":128,"thumbnail":{"url":"https://assets.nicepagecdn.com/a8fe6f4a/4631693/images/922699.png","width":128,"height":128},"usages":["4631718"]},{"id":"user-image-809460.png","fileName":"809460.png","name":"809460","publicUrl":"https://assets.nicepagecdn.com/a8fe6f4a/4631693/images/809460.png","size":8201,"hash":"v0FC9i13wodrrad/QFtJOmXJv/A=","width":128,"height":128,"thumbnail":{"url":"https://assets.nicepagecdn.com/a8fe6f4a/4631693/images/809460.png","width":128,"height":128},"usages":["4631718"]},{"id":"user-image-3589787.png","fileName":"3589787.png","name":"3589787","publicUrl":"https://assets.nicepagecdn.com/a8fe6f4a/4631693/images/3589787.png","size":7352,"hash":"L5fLMFlhQ02H6AbUiW4eCJRf5Yk=","width":128,"height":128,"thumbnail":{"url":"https://assets.nicepagecdn.com/a8fe6f4a/4631693/images/3589787.png","width":128,"height":128},"usages":["4631718"]},{"id":"user-image-9209387.png","fileName":"9209387.png","name":"9209387","publicUrl":"https://assets.nicepagecdn.com/a8fe6f4a/4631693/images/9209387.png","size":6756,"hash":"4oQZZsWullqXyIkzZFG9dH8VY1w=","width":128,"height":128,"thumbnail":{"url":"https://assets.nicepagecdn.com/a8fe6f4a/4631693/images/9209387.png","width":128,"height":128},"usages":["4631718"]},{"id":"user-image-Stema_e_Bashkis_Tiran.svg.png","fileName":"Stema_e_Bashkis_Tiran.svg.png","name":"Stema_e_Bashkis_Tiran.svg","publicUrl":"https://assets.nicepagecdn.com/a8fe6f4a/4631693/images/Stema_e_Bashkis_Tiran.svg.png","size":225941,"hash":"aSK4EnFz2cNQtqoqLPuKO/LtPDg=","width":1200,"height":2149,"thumbnail":{"url":"https://assets.nicepagecdn.com/a8fe6f4a/4631693/images/thumbnails/Stema_e_Bashkis_Tiran.svg.png","width":84,"height":150},"usages":["4631718"]},{"id":"user-image-channels4_profile.jpg","fileName":"channels4_profile.jpg","name":"channels4_profile","publicUrl":"https://assets.nicepagecdn.com/a8fe6f4a/4631693/images/channels4_profile.jpg","size":6859,"hash":"knSRMUdhZP2OYK4UJs/kN2/8/Co=","width":176,"height":176,"thumbnail":{"url":"https://assets.nicepagecdn.com/a8fe6f4a/4631693/images/thumbnails/channels4_profile.jpg","width":150,"height":150},"usages":["4631718"]},{"id":"user-image-Albtelecom.svg.png","fileName":"Albtelecom.svg.png","name":"Albtelecom.svg","publicUrl":"https://assets.nicepagecdn.com/a8fe6f4a/4631693/images/Albtelecom.svg.png","size":36341,"hash":"MYk6QZ/AQLa9DbdHCPjm/wwO3pk=","width":1200,"height":317,"thumbnail":{"url":"https://assets.nicepagecdn.com/a8fe6f4a/4631693/images/thumbnails/Albtelecom.svg.png","width":150,"height":40},"usages":["4631718"]},{"id":"user-image-Ministri_pr_Mbrojtjen_e_Siprmarrjes.svg.png","fileName":"Ministri_pr_Mbrojtjen_e_Siprmarrjes.svg.png","name":"Ministri_pr_Mbrojtjen_e_Siprmarrjes.svg","publicUrl":"https://assets.nicepagecdn.com/a8fe6f4a/4631693/images/Ministri_pr_Mbrojtjen_e_Siprmarrjes.svg.png","size":100292,"hash":"m9BL4NQA4lcZcu4RvcZyDRz5+f8=","width":378,"height":479,"thumbnail":{"url":"https://assets.nicepagecdn.com/a8fe6f4a/4631693/images/thumbnails/Ministri_pr_Mbrojtjen_e_Siprmarrjes.svg.png","width":118,"height":150},"usages":["4631718"]}]