[{"id":"user-image-341038808_1279639629302800_612917792683687104_n-removebg-preview1.png","fileName":"341038808_1279639629302800_612917792683687104_n-removebg-preview1.png","name":"341038808_1279639629302800_612917792683687104_n-removebg-preview1","publicUrl":"https://assets.nicepagecdn.com/a8fe6f4a/4631693/images/341038808_1279639629302800_612917792683687104_n-removebg-preview1.png","size":28877,"hash":"xYQU+1afEqmN7PY1pWi2AQOanMI=","width":366,"height":206,"thumbnail":{"url":"https://assets.nicepagecdn.com/a8fe6f4a/4631693/images/thumbnails/341038808_1279639629302800_612917792683687104_n-removebg-preview1.png","width":150,"height":84},"usages":["4631718"]},{"id":"user-image-3124296.png","fileName":"3124296.png","name":"3124296","publicUrl":"https://assets.nicepagecdn.com/a8fe6f4a/4631693/images/3124296.png","size":5454,"hash":"pbe9ZkqMRmhJuNnf2SjSgZc1tTg=","width":128,"height":128,"thumbnail":{"url":"https://assets.nicepagecdn.com/a8fe6f4a/4631693/images/3124296.png","width":128,"height":128},"usages":[]},{"id":"user-image-2664676.png","fileName":"2664676.png","name":"2664676","publicUrl":"https://assets.nicepagecdn.com/a8fe6f4a/4631693/images/2664676.png","size":4068,"hash":"eE/t8c1e1uLPlt2mysLRmIk//rY=","width":128,"height":128,"thumbnail":{"url":"https://assets.nicepagecdn.com/a8fe6f4a/4631693/images/2664676.png","width":128,"height":128},"usages":[]},{"id":"user-image-2007295.png","fileName":"2007295.png","name":"2007295","publicUrl":"https://assets.nicepagecdn.com/a8fe6f4a/4631693/images/2007295.png","size":4810,"hash":"dtxpvujxgZrZEG7kdRaL0r6H/Bk=","width":128,"height":128,"thumbnail":{"url":"https://assets.nicepagecdn.com/a8fe6f4a/4631693/images/2007295.png","width":128,"height":128},"usages":["4631718"]},{"id":"user-image-3066137.png","fileName":"3066137.png","name":"3066137","publicUrl":"https://assets.nicepagecdn.com/a8fe6f4a/4631693/images/3066137.png","size":3287,"hash":"KwkffT9kMVAX9Sbw1GDu6Y92kjY=","width":128,"height":128,"thumbnail":{"url":"https://assets.nicepagecdn.com/a8fe6f4a/4631693/images/3066137.png","width":128,"height":128},"usages":["4631718"]},{"id":"user-image-7152226.png","fileName":"7152226.png","name":"7152226","publicUrl":"https://assets.nicepagecdn.com/a8fe6f4a/4631693/images/7152226.png","size":5935,"hash":"Wd8PS+OiIMZ9IjdOhZFjme9EByo=","width":128,"height":128,"thumbnail":{"url":"https://assets.nicepagecdn.com/a8fe6f4a/4631693/images/7152226.png","width":128,"height":128},"usages":["4631718"]},{"id":"user-image-1356479.png","fileName":"1356479.png","name":"1356479","publicUrl":"https://assets.nicepagecdn.com/a8fe6f4a/4631693/images/1356479.png","size":5882,"hash":"XMFzbhUdnaMNtuB8aqHVUIhuq3A=","width":128,"height":128,"thumbnail":{"url":"https://assets.nicepagecdn.com/a8fe6f4a/4631693/images/1356479.png","width":128,"height":128},"usages":["4631718"]}]